Text_Chunk,Label
قانون رقم لسنة شأن مكافحة جرائم تقنية المعلومات اقاتون رقم لسنة قانون رقم لسنة شأن مكافحة جرائم تقنية المعلومات محدثاً حتى عام والمنشور بالجريدة الرسمية العدد مكرر أغسطس سنة اباسم الشعب رئيس الجمهورية اقرر مجلس النواب القانون الآتي نصه وقد أصدرن الباب الأول الأحكام العامة تعريفت املد الجهاز القومي لتنظيم الاتصالات الوزير المختص الوزير المعنى بشئون الاتصالات وتكنولوجيا المعلومات البيانات والمعلومات الإلكترونية يمكن إنشاؤه تخزينه معالجته تخليقه نقله مشاركته نسخه بواسطة تقنية المعلومات كالأرقام وال,
"أكواد والشفرات والحروف والرموز والإشارات والصور والأصوات وما حكمها ابيانات شخصية بيانات متعلقة وبين بيانات أخرى طبيعي محدد يمكن تحديده بشكل مباشر غير مباشر طريق الربط بينها بيانات حكومية بيانات متعلقة بالدولة أحد سلطاتها وأجهزتها وحداتها الهينات العامة الهينات المستقلة والأجهزة الرقابية وغيرها الأشخاص الاعتبارية العامة وما حكمهاء والمتاحة الشبكة المعلوماتية انظام معلوماتي حاسب حكمها المعالجة الإلكترونية عملية الكترونية تقنية تتم كلي جزئيًالكتابة تجميع تسجيل, حفظ تخزين دمج عرض» إرسال استقبال تداو",
ل نشرء محوء تغيبرء تعديل استرجاع استنباط للبيانات والمعلومات الإلكترونية وذلك باستخدام وسيط الوسائط الحاسبات الأجهزة الأخرى الإلكترونية المغناطيسية الضونية يُستحدث تقنيات وسائط أخرى عة وسائل مترابطة غير مترابطة اتنية المعطومات وسيلة مقدم الخدمة شخص طبيعي اعتباري يزود المستخدمين بخدمات تقنيات المعلومات والاتصالات ويشمل يقوم بمعالجة تخزين المعلومات بذاته أومن ينوب عنه الخدمات تقنية المعلومات المستخدم شخص طبيعي اعتباري يستعمل خدمات تفنية المعلومات يستفيد منها بأي صورة كانت البرنامج المعلوماتي مجموع,
ة الأوامر والتعليمات المعبر عنها باية لغة رمز إشارة والتي تتخذ شكل الأشكالء ويمكن استخدامها بطريق مباشر غير مباشر حاسب آلي لأداء وظيفة تحقيق نتيجة سواء كانت الأوامر والتعليمات شكلها الأصلي شكل آخر تظهر فيه خلال حاسب آلي نظام معلوماتي النظام المعلوماتي مجموعة برامج وأدوات معدة لغرض إدارة ومعالجة البيانات والمعلومات تقديم خدمة معلوماتية شبكة معلوماتية مجموعة الأجهزة نظم المعلومات مرتبطة مغاء ويمكنها تبادل المعلومات والاتصالات فيما بينها ومنها الشبكات الخاصة والعامة وشبكات المعلومات الدولية والتطبي,
قات المستخدمة عليها الموقع مجال مكان افتراضي له عنوان محدد شبكة معلوماتية يهدف إتاحة البيانات والمعلومات للعامة الخاصة مدير الموقع شخص مسنول تنظيم إدارة متابعة الحفاظ موقع الشبكة المعلوماتية بما اذلك حقوق الوصول لمختلف المستخدمين الموقع تصميمه توليد وتنظيم صفحاته محتواه المسنول عنه الحساب الخاص مجموعة المعلومات الخاصة بشخص طبيعي اعتباري تخول له الحق دون غيره الدخول الخدمات المتاحة استخدامها خلال موقع نظام معلوماتي البريد الإلكتروني وسيلة لتبادل رسائل الكترونية عنوان محدد طبيعي اعتباري عبر شبكة آ,
معلوماتية غيرها وسائل الربط الإلكترونية خلال أجهزة لحاسب الآلي وما حكمها الاعتراض مشاهدة البيانات المعلومات الحصول عليها بغرض التنصت التعطيل التخزين النسع التسجيله تغيير المحتوى إساءة الاستخدام تعديل المسار إعادة التوجيه وذلك لأسباب غير مشروعة ودون وجه حق الاختراق الدخول غير المرخص به المخالف لأحكام الترخيص الدخول بأي طريقة غير مشروعة نظام معلوماتي حاسب آلي شبكة معلوماتية وما حكمها المحتوى بيانات تؤدى بذاتهاء مجتمعة مع بيانات معلومات أخرى تكوين معلومة تحديد توجه اتجاه تصور معنى الإشارة بيانات أخ,
رى الدليل الرقمي معلومات إلكترونية لها الشبكات المعلوماتية وما حكمهاء ويمكن تجميعها وتحليلها باستخدام قيمة ثبوتية مخزنة منقولة مستخرجة مأخوذ برامج تطبيقات تكنولوجية خاصة الخبرة عمل يتصل بتقديم الاستشارات الفحص المراجعة التقييم التحليل مجا المطومات حركة الاتصال بيانات المرور بيانات ينتجها نظام معلوماتي تبين مصدر الاتصال وجهته والوجهة المرسل منها والمرسل إليها والطريق سلكه وساعته وتاريخه وحجمه ومدته ونوع الخدمة وأداء عمليات منطقية حسابية وتستخدم لتسجيل بيانات معلومات تخزينهاء تحويلهاء تخليقهاء است,
رجاعهاء ترتيبهاء معالجتهاء تطويرهاء تبادلهاء تحليلها «دعامة إلكترونية وسيط مادي لحفظ وتداولالبيانات والمعلومات الإلكترونية ومنها الأقراص المدمجة الأقراص الضونية والذاكرة الإلكترونية حكمها الأمن القومي يتصل باستقلال واستقرار وأمن الوطن ووحدته وسلامة أراضيه وما يتعلق بشلون رئاسة الجمهورية ومجلس الدفاع الوطني ومجلس الأمن القومي ووزارة الدفاع والإنتاج الحربي ووزارة الداخلية والمخابرات العامة وهينة الرقابة الإدارية والأجهزة التابعة الجهات جهات الأمن القومي رئاسة الجمهورية ووزارة الدفاع ووزارة الداخلي,
ة والمخابرات العامة وهيئة الرقابة الإدارية التزامات وواجبات مقدم الخدمة مادة أولاً مع عدم الإخلال بالأحكام لواردة بهذا القانون وقانون تنظيم الاتصالات الصادر بالقانون رقم لسنه يلتزم البيانات تمكن التعرف مستخدم الخدمة البيانات المتعلقة بحركة الاتصال البيانات المتعلقة بالأجهزة الطرفية للاتصال بيانات أخرى يصدر بتحديدها قرار مجلس الجهاز المحافظة سرية البيانات تم حفظها وتخزينهاء وعدم إفشائها الإفصاح عنها بغير أمر مسبب إحدى الجهات القضائية المختصة ويشمل البيانات الشخصية لأي مستخدمي خدمته بيانات معلومات,
 متعلقة بالمواقع والحسابات الخاصة يدخل عليها هؤلاء المستخدمون الأشخاص والجهات يتواصلون معها تأمين البيانات والمعلومات بما يحافظ سريتهاء وعدم اختراقها تلفها ثانا مع عدم الاخلال بأحكام قانون حمابة المستهلك يجب مقدم الخدمة يوفر لمستخدمي خدماته والأي جههة آحكومية مختصة بالشكل والطريقة يمكن الوصول اليها بصورة ميسرة ومياشرة ومستمرة البيانات والمعلومات الآثية اسم مقدم الخدمة وعنوانة معلومات الاتصال المتعلقة بمقدم الخدمة بما عنوان الاتصال الإلكتروني بيانات الترخيص لتحديد هوية مقدم الخدمة وتحديد الجهة ال,
"مختصة يخضع لإشرافها معلومات أخرى يقدر الجهاز أهميتها لحماية مستخدمي الخدمة ويصدر بتحديدها قرار الوزير المختص ال مع مراعاة حرمة الحياة الخاصة يكفلها الدستور, يلتزم مقدمو الخدمة والتابعون لهم يوفروا حال طلب جهات الأمن القومي ووفقا لاحتياجاتها كافة الإمكانيات القنية تتيح لتلك الجهات ممارسة اختصاصاتها وفقا للقانون ارابغا يلتزم مقدمو خدمات تقنية المعلومات ووكلائهم وموزعوهم التابعون لهم المنوط بهم تسويق الخدمات بالحصول بيانات المستخدمين وُحظر غيرهم القيام بذلك انطاق تطبيق القانون حيث المكان مادة الاخل",
"ال بأحكامالباب الأول الكتاب الأول قانون العقوبات تسري أحكام القانون ارتكب خارج جمهورية مصر العربية غير المصريين جريمة الجرائم المنصوص عليها القانون, متى الفعل معاقيا عليه الدولة وقع تحت وصف قانون وذلك الأحوال الأنية إذا ارتكبت الجريمة متن وسيلة وسائل النقل الجوي البري المائي وكانت مسجلة لدى جمهورية مصر العربية تحمل علمها إذا المجني عليهم أحدهم مصريا إذا تم الإعداد للجريمة التخطيط التوجيه الإشراف عليها تمويلها جمهورية مصر العربية العربية ارتكبت الجريمة بواسطة جماعة إجرامية منظمة تمارس أنشطة إجرام",
"ية دولة بينها جمهورية مصر إذا شأن الجريمة إلحاق ضر بأي موطني جمهورية مصر العربية المقيمين فيهاء بأمنها بأي مصالحهاء الداخل الخارج إذا جد مرتكب جريمة جمهورية مصر العربية ارتكابها ولم يتم تسليمه التعاون الدولي مجال مكافحة جرائم تقنية المعلومات مدة هد تعمل السلطات المصرية المختصة تيسير التعاون مع نظيراتها بلبلاد الأجنبية إطار الانفاقيات الدولية والقليمية والثائية المصدق عليهاء تطبيق مبدأ المعاملة بالمثل, بتبادل المعلومات بما شأنه يكفل تفادى ارتكاب جرانم تقنيه المعلومات والمساعدة التحقيق فيهاء وتتبع",
 مرتكبيها يكون المركز الوطني للاستعداد لطوارئ الحاسب والشبكات بالجهاز النقطة الفنية المعتمدة الشأن لباب الثقي الأحكام والقواعد الاجرانية مأمورو الضيط القضاني ملدة يجوز بقرار وزير العل بالاتفاق مع الوزير المختص منح صفة الضبطية القضائية للعاملين بالجهاز غيرهم ممن اتحددهم جهات الأمن القومي بالنسبة الجرائم تقع بالمخالفة لأحكام القانون والمتعلقة بأعمال وظائفهم الأوامر القضائية المؤقتة مادة جمع التحفظ البيانات والمعلومات أنظمة المعلومات وتتبعها أى مكان نظام برنامج دعامة إليكترونية حاسب تكون موجودة فيه,
 ويتم تسليم أدلتها الرقمية للجهة مصدرة الأمر ألا يؤثر استمرارية النظم وتقديم الخدمة لها مقتض البحث والتفتيش والدخول والنفاذ برامج الحاسب وقواعد البيانات وغيرها الأجهزة والنظم المعلوماتية تحقيقا تأمر مقدم الخدمة بتسليم لدية بيانات معلومات تعلق بنظام معلوماتي جهاز تقني موجودة تحت اسيطرته مخزنة لديه وكذا بيانات مستخدمي خدمته وحركة الاتصالات تمت النظام الجهاز التقني اوفي الأحوال يحب يكون أمر جهة التحقيق المختصة مسيبًا ويكون استنناف الأوامر المتقدمة أمام المحكمة الجنانية المختصة منعقدة غرفة المشورة ا,
لمواعيد ووفقًا للإجراءات المقررة بقانون الإجراءات الجنانية الإجراءات والقرارات الصادرة طلبات حجب المواقع مادة الجهة التحقيق المختصة متى قامت أدلة قيام موقع بيث داخل الدولة خارجهاء بوضع عبارات أرقام صور أفلام مواد دعانية حكمها بما يُعد جريمة الجرائم المنصوص عليها بالقانون وتشكل تهديذا للأمن القومي تعرض أمن البلاد اقتصادها القومي للخطرء تأمر بحجب الموقع المواقع محل البث كلما أمكن تحقيق فنيًا وعلى جهة التحقيق عرض أمر الحجب المحكمة المختصة منعقدة غرفة المشورة خلال أربع وعشرين ساعة مشفوعًا بمذكرة برأ,
يها وتُصدر المحكمة قرارها الأمر مسيبا إما بالقبول بالرفض مدة تجاوز اثنتين وسبعين ساعة وقت عرضه عليها ويجوز حالة الاستعجال لوجود خطر حال ضرر وشيك الوقوع تقوم جهات التحري والضبط المختصة بابلاغ الجهاز ليقوم بإخطار مقدم الخدمة الفور بالحجب المؤقت للموقع المحتوى المواقع الروابط المذكورة الفقرة الأولى المادة وفقا لأحكامها ويلتزم مقدم الخدمة بتنفيذ مضمون الإخطار فور وروده إليه وعلى جهة التحري والضبط قامت بالإبلاغ تحرر محضرًا تثبت فيه تم إجراءات وفق أحكام الفقرة السابقة يُعرض جهات التحقيق خلال ثمانٍ وأر,
بعين ساعة تاريخ الإبلاغ وجهته للجهاء وتتبع المحضر ذات الإجراءات المبينة بالفقرة الثانية المادة وتصدر المحكمة المختصة قرارها الحالة أما إجراءات حجب بوقفها فإذا يُعرض المحضر المشار إليه الفقرة السابقة الموعد المحدد يعد الحجب تم كأن يكن ولمحكمة الموضوع أثناء نظر الدعوى الصادر بالحجب تعديل نطاقه طلب جهة التحقيق الجهاز ذوي الشأن تأمر بإنهاء القرار وفي جميع الأحوال يسقط القرار الصادر بالحجب بصدور أمر بألا وجه لإقامة الدعوى الجنانية بصدور حكم نهاني بالبراءة التظم القرارات الصادرة شأن طلبات حجب المواقع ,
مادة الكل صدر ضده أمر قضائي المنصوص عليه بالمادة القانون وللنيابة العامة ولجهة التحقيق المختصة ولكل ذوي شأن يتظلم منه إجراءات تنفيذه أمام محكمة الجنايات المختصة انقضاء سبعة أيام تاريخ اصدور الأمر تاريخ تنفيذه بحسب الأحوال فإذا رض تظلمه فله يتقدم بتظلم جديد كلما انقضت ثلاثة أشهر تاريخ الحكم برفض التظلم وفي جميع الأحوال يكون التظلم بتقرير يودع قلم كتاب محكمة الجنايات المختصة وعلى رئيس المحكمة يحدد جلسة النظر التظلم يعلن بها المتظلم والجهاز وكل ذي شأن وعلى المحكمة تفصل التظلم خلال مدة تجاوز سبعة أي,
ام تاريخ التقرير به المنع السفر مادة يجوز للنائب العام يفوضه المحاميين العامين الأول بنيابات الاستنناف ولجهات التحقيق المختصة الضره وجود أدلة كافية جدية الانهام ارتكاب جريمة الجرائم المنصوص عليها القانون الشروع ارتكابهاء يأمر بمنع المتهم السفر خارج البلاد بوضع لسمه قوائم ترقب الوصول بأمر مسبب لمدة محددة ولمن صدر ضده أمر المنع السفر يتظلم الأمر أمام محكمة الجنايات المختصة خلال خمسة عشر يومًا تاريخ علمه به فإذا رض تظلمه فله يتقدم بتظلم جديد كلما انقضت ثلاثة أشهر تاريخ الحكم برفض التظلم بتقرير يودع,
 قلم كتاب محكمة الجنايات المختصة وعلى رئيس المحكمة يحدد جلسة لنظر التظلم تلن بها العامة والمتظلم وعلى المحكمة تفصل التظلم خلال مدة تجاوز خمسة عشر يومًا تاريخ التقرير به بحكم مُسبب سماع أقوال المتظلم والنيابة العامة جهة التحقيق المختصة حسب الأحوال ولها سبيل تتخذ تراه إجراءات تحقيقات ترى لزومها الشأن ويجوز للنيابة العامة وجهات التحقيق المختصة وقت العدول الأمر الصادر منهاء كما يجوز لها التعديل فيه برفع الاسم قوانم المنع السفر ترقب الوصول لمدة محددة إذا دعت الضرورة لذلك وفي جميع الأحوال ينتهي المنع ,
السفر بمرور سنه تاريخ صدور الأمرء بصدور قرار بألا وجه لإقامة الدعوى الجنائية بصدور قرار نهاني بالبراءة أبهما أقرب الخيراء مادة ينأ بالجهاز سجلان لقيد الخبراء يُقيد بأولهما الفنيون والتقنيون العاملون بالجهازء ويقيد بالآخر الخبراء الفنيين والتقنيين غير العاملين به وتطبق الخبراء ممارسة عملهم وتحديد التزاماتهم وحقوقهم القواعد والأحكام الخاصة بقواعد تنظيم الخبرة أمام جهات القضاء واستثناء القواعد تسري الخبراء المقيدين بالسجل الثاني القواعد والأحكام الخاصة بالمساعلة الإدارية والتأديبية الواردة بالقانون,
 المنظم لعملهم ُجد وتحدد اللائحة التنفيذية لهذا القانون قواعد وشروط وإجراءات القيد السجلين افي الأدلة الرقمية ملدة ايكون للأدلة المستمدة المستخرجة الأجهزة المعدات الوسائط الدعامات الإلكترونية النظام المعلوماتي برامج الحاسب وسيلة لتقنية المعلومات ذات قيمة وحجية الأدلة الجنانية لمادية الإثبات الجناني متى توافرت بها الشروط الفنية الواردة باللائحة التنفينية لهذا القانون الباب اثالث الجرانم والعقوبات امادة مع عدم الإخلال بأية عقوبة أشد منصوص عليها قانون العقوبات قانون آخرء ومراعاة أحكام قانون الطفل ا,
لصادر بالقانون رقم يعاقب الجرانم التالية بالعقوبات المبينة قرين جره القصل الأول الاعتداء سلامة شبكات أنظمة تقنبات المعلومات جريمة الانتفاع بدون حق بخدمات الاتصالات والمعلومات وتقنيتها امادة يُعاقب بالحبس مدة لاتقل ثلاثة أشهر وبغرامة لاتقل عشرة آلاف جنيه ولا تجاوز خمسين ألف جنيه باحدى هاتين العقوبتين انتفع بدون وجه حق طريق شبكة النظام المعلوماتي إحدى وسائل تقنية المعلومات بخدمة اتصالات خدمات قنوات البث المسموع والمرئي جريمة الدخول غير المشروع هتين العقوبتين دخل عمذاء دخل بخطأ غير عمدي وبقي بدون و,
جه حق موقع حساب خاص نظام معلوماتي محظور الدخول عليه فإذا نتج الدخول إتلاف محو تغيير نسخ إعادة نشر للبيانات المعلومات الموجودة الموقع الحساب الخاص النظام المعلوماتي تكون العقوبة الحبس مدة تقل سنتين وغرامة لاتقل مانة ألف جنيه ولا اتجاوز مانتي ألف جنيه باحدى هاتين العقوبتين اجريمة تجاوز حدود الحق الدخول اتقل ستة أشهرء وبغرامة لاتقل ثلاثين ألف جنيه ولا تجاوز خمسين ألف جنيه إحدى هاتين العقوبتين دخل موقع حساب خاص نظام معلوماتي مستخدما حا مخولا له فتعدى حدود الحق حيث الزمان مستوى الدخول جريمة الاعتراض ,
"غير المشروع مادة وبغرامة لاتقل خمسين ألف جنيه ولاتجاوز مانتين وخمسين ألف جنيه باحدى هاتين العقوبتين اعترض بدون وجه حق معلومات بيانات متداول طريق شبكة معلوماتية أحد أجهزة الحاسب الآلي وما حكمها جريمة الاعتداء سلامة البيانات والمعلومات والنظم المعلوماتية املدة يعاق بالحبس مدة لاتقل سنتين, وبغرامة لاتقل مائة ألف جنيه ولا تجاوز خمسمائة ألف جنيه بإحدى هاتين العقوبتين أتلف عطل عدل مسار ألغى كلي جزئيا متعما وبدون وجه حق البرامج والبيانات المعلومات المخزنة المعالجة المولدة المخلقة نظام معلوماتي وما حكمه",
 أيا كانت الوسيلة استخدمت جريمة الاعتداء البريد الإلكتروني المواقع الحسابات الخاصة مادة تقل خمسين ألف جنيه ولا تجاوز مائة ألف جنيه باحدى هاتين العقوبتين أتلف عطل أبطأ اخترق بريذا إلكترونيا موقغا حسابًا خاضًا بأحاد الناس أفإذا وقعت الجريمة بريد الكتروني موقع حساب خاص بأحد الأشخاص الاعتبارية الخاصة تكون العقوبة الحبس امدة لاتقل ستة أشهر وبغرامة لاتقل مائة ألف جنيه ولا تجاوز مانتي ألف جنيه بإحدى هاتين العقوبتين جريمة الاعتداء تصميم موقع مادة يعاقب بالحبس مدة لاتقل ثلاثة أشهر وبغرامة لاتقل عشرين ألف,
 جنيه ولا تجاوز مانة ألف جنيه باحدى هاتين العقوبتين أتلف عطل أبطأ شؤه أخفي غيْر تصاميم موقع خاص بشركة مؤسسة منشأة شخص طبيعي بغير وجه حق جريمة الاعتداء الأنظمة المعلوماتية الخاصة بالدولة مادة يعاقب بال اتقل سنتين وبغرامة تقل خمسين ألف جنيه ولا تجاوز مانتي ألف جنيه بإحدى هاتين العقوبتين» دخل عمذاء دخل بخطأ غير عمدي وبقي بدون وجه حق تجاوز حدود الحق المخول له حيث الزمان مستوى الدخول اخترق موقا بريذاإلكترونيًا حسابًا خاضًا نظامًا معلوماتيا يار بمعرفه لحساب الدولة أحد الأشخاص الاعتبارية العامة مملوكًا,
" لهاء يخصها فإذا الدخول بقصد الاعتراض الحصول بدون وجه حق بيانات معلومات حكومية تكون العقوبة السجن والغرامة لاتقل مائة ألف جنيه ولا تجاوز خمسمائة ألف جنيه وفي جميع الأحوال إذا ترتب الأفعال السابقة إتلاف البيانات المعلومات الموقع الحساب الخاص النظام المعلوماتي البريدالإلكتروني, تدميرها تشويهها تغييرها تغييرها تصميمها نسخها تسجيلها تعديل مسارها إعادة نشرهاء إلغاؤها كليا جزنيًاء بأي وسيلة كانت تكون العقوبة السجن والغرامة تقل مليون جنيه ولاتجاوز خمسة ملايين جنيه جريمة الاعتداء سلامة الشبكة المعلوماتي",
"ة مادة يعاقب بالحبس مدة لاتقل ستة أشهر وبغرامة لاتقل مائة ألف جنيه ولا تجاوز خمسمادة ألف جنء اهاتين العقوبتين, تسبب متعمذا إيقاف شبكة معلوماتية العمل تعطيلها الحد كفاءة عملها التشويش عليها إعاقتها اعتراض عملها أجرى بدون وجه حق معالجة إلكترونية للبيانات الخاصة بها ويعاقب تسبب بخطده بالحبس مدة تقل ثلاثة أشهر وبغرامة لاتقل خمسون ألف جنيه ولا تجاوز مانتي ألف جنيه بإحدى العقوبتين افإذا وقعت الجريمة شبكة معلوماتية تخص الدولة أحد الأشخاص الاعتبارية العامة تمتلكها تدار بمعرفتها تكون العقوبة السجن المشدد",
 وبغرامة لاتقل خمسمانة ألف جنيه ولا تجاوز مليون جنيه البرامج والأجهزة والمعدات المستخدمة ارتكاب جرام تقتية المعلومات ‎٠‏ وبغرامة لاتقل ثلاثمانة ألف جنيه ولا تجاوز خمسمائة ألف جنيه يإحدى هاتين العقوبتين حاز أحرز جلب باع أتاح صنع أنتج استورد صدر تداول بأي صورة صور التداول أجهزة معدات أدوات برامج مصممة مطورة محورة أكواد مرور شفرات رموز ‏بيانات مماثلة بدون تصريح الجهاز مسوغ الواقعأو القانون وثبت السلوك بغرض استخدام منها ارتكاب فية جريمة المنصوص عليها القانون إخفاء آثارها أدلتها ثبت الاستخدام التسهيل,
 ‏الإخفا ‏القصل لثقي ‏الجرائم المرتكية يواسطة أنظمة وتقنيات المعلومات حرام الاحتيال والاعتداء بطاقات ينوك ‏والخدمات وأدوات الدفع لالكتروني ‏مادة ‏يعاق بالحبس مدة لاتقل ثلاثة أشهر والغرامة لاتقل ثلاثين ألف جنيه ولا تجاوز خمسين ألف جنيه باحدى ‏هاتين العقوبتين استخدم الشبكة المعلوماتية إحدى وسائل تقنية المعلومات الوصول بدون وجه حق أرقام ‏أو بيانات بطاقات البنوك والخدمات غيرها أدوات الدفع الالكترو ‏فإن قصد استخدامها الحصول أموال الغير تتيحه خدمات يعاقب بالحبس مدة لاتقل خمسين آلف جنيه ولا تجاوز مانة ,
"ألف جنيه بإحدى هاتين العقو, وتكون العقوبة الحبس مدة لاتقل سنة والغرامة لاتقل مائة ألف جنيه ولا تجاوز مائتي ألف إحدى هاتين العقوبتين إذا توصل الاستيلاء لنفسه لغيره الخدمات مال الغير الجرانم المتعلقة باصطناع المواقع والحسابات الخاصة والبريد الإلكتروني مادة يعاقب بالحبس مدة لاتقل ثلاثة أشهرء وبغرامة تقل عشرة آلاف جنيه ولا تجاوز ثلاثين ألف جنيه باحدى العقوبتين اصطنع بريذا إلكترونيا موقا حسابا خاضًا ونسبه زورًا شخص طبيعي اعتباري افإذا استخدم الجاني البريد الموقع الحساب الخاص المصطنع أمر يسئ نسب إليه ",
تكون العقوبة الحبس لاتقل مدته سنة والغرامة لاتقل خمسين ألف جنيه ولا تجاوز مادتي ألف جنيه باحدى هاتين العقوبتين وإذا وقعت الجريمة أحد الأشخاص الاعتبارية العامة تكون العقوبة السجن والغرامة لااتقل مانة ألف جنيه ولاتزيد ثلاثمانة ألف جنيه لفصل الثلث الجرائم المتعلقة بالاعتداء حرمة الحياة الخاصة توى المعلوماتي غير المشروع ملدة يعاقب بالحبس مدة لاتقل ستة أشهر وبغرامة لاتقل خمسين ألف جنيه ولا تجاوز مائة ألف جنيه باحدى هاتين العقوبتين اعتدى المبادئ القيم الأسرية المجتمع المصري انتهك حرمة الحياة الخاصة أر,
"سل بكثافة العديد الرسائل الإلكترونية لشخص معين دون موافقته منح بيانات شخصية نظام موقع إلكتروني الترويج السلع الخدمات دون موافقته, نشر طريق الشبكة المعلوماتية بإحدى وسائل تقنية المعلومات معلومات أخباًا صورًا وما حكمها تنتهك خصوصية شخص دون رضاه سواء كانت المعلومات المنشورة صحيحة غير اتقل سنتين ولا تجاوز خمس سنوات وبغرامة تقل مانة ألف جنيه تجاوز ثلاثمانة ألف جنيه باحدى هاتين العقوبتين تعمد استعمال برنامج معلوماتي تنية معلوماتية معالجة معطيات شخصية للغير الربطها بمحتوى مناب للآداب العامة لإظهارها بط",
ريقة شانها المساس باعتباره شرفه الفصل لرايع الجرانم المرتكية مدير الموقع ملدة غير الأحوال المنصوص عليها القانون يعاقب بالحبس مدة تقل سنتين وبغرامة لاتقل مائة ألف جنيه ولا تزيد ثلاثمانة ألف جنيه بإحدى هاتين العقوبتين» أنشأ أدار استخدم موقا حسابًا خاضًا شبكة معلوماتية يهدف ارتكاب تسهيل ارتكاب جريمة معاقب عليها قانونا مادة ايعاقب بالحبس مدة لاتقل سئة أشهر وبغرامة تقل عشرين ألف ولا تجاوز مانتي ألف جنيه بإحدى هاتين العقوبتين مسنول إدارة موقع حساب خاص بريد الكتروني نظام معلوماتي إذا أخفي عبث بالأدلة ا,
لرقمية الإحدى الجرائم المنصوص عليها القانون والتي وقعت موقع حساب بريد الكتروني بقصد إعاقة عمل «بغرامة تقل عشرين ألف ولا تجاوز مانتي ألف جنية بإحدى هاتين العقوبتين الموقع الحساب الخاص البريد الإلكتروني النظام المعلوماتي عَرْض أيَا منهم لإحدى الجرائم المنصوص عليها القانون ويعاقب بالحبس مدة لاتقل ستة أشهرء وبغرامة لاتقل عشرة آلف جنيه ولااتجاوز مائة ألف جنيه باحدى هاتين العقوبتين مسئول إدارة الموقع الحساب الخاص البريد الإلكتروني النظام المعلوماتي تسبب بإهماله تَعرْض منهما لإحدى الجرائم المنصوص عليها,
 القانون وكان بعدم اتخاذه التدابير والاحتياطيات التأمينية الواردة الائحة التفينية لهذا القانون الفصل الخامس مادة يعاق بالحبس مدة لاتقل سنة وبغرامة لاتقل خمسمائة ألف جنيه ولا تجاوز مليون جنيه باحدى هاتين العقوبتين مُقدم خدمة امتنع تنفيذ القرار الصادر المحكمة الجنائية المختصة بحجب أحد المواقع الروابط المحتوى الُشار إليه الفقرة الأولى المادة القانون فإذا رتب الامتناع تنفيذ القرار الصادر المحكمة وفاة شخص أكثرء الإضرار بالأمن القومي تكون العقوبة السجن المشدد والغرامة تقل ثلاثة ملايين جنيه ولا تجاوز ع,
شرين مليون جنيه وتقضى المحكمة فضلا بإلغاء ترخيص مزاولة النشاط العقوبتين مقدم خدمة خالف الأحكام الواردة بالبند الفقرة أولا الغرامة بتعدد المجني عليهم مستخدمي الخدمة امادة يعاقب بالحبس مدة لاتقل ستة أشهرء وبغرامة لاتقل عشرين ألف العقوبتينء مقدم خدمة امتنع تنفيذ القرار الصادر جهة التحقيق المختصة بتسليم لديه البيانات المعلومات المشار إليها المادة القانون مادة يعاقب بغرامة لاتقل خمسة ملايين جنية ولا تجاوز عشرة ملايين جنيه مقدم خدمة أخل بأي التزاماته المنصوص عليها البند الفقرة أولآ المادة القانون وتضا,
عف عقوبة الغرامة حالة العود وللمحكمة تقضى بإلغاء الترخيص ويعاقب بغرامة لاتقل عشرين ألف جنيه ولااتجاوز مانتي ألف جنيه مقدم خدمة خالف أحكام لفقرة امن المادة القانون ويعاقب بالحبس مدة لاتقل ثلاثة أشهر وبالغرامة لاتقل مانتي ألف جنيه ولا تجوز مليون خالف أحكام الفقرة ثالً المادة القون الفصل السادس الظروف المشددة الجريمة مادة إذا وقعت جريمة الجرائم المنصوص عليها القانون بغرض الإخلال بالنظام العام تعريض سلامة المجتمع وامنه للخطرء الإضرار بالأمن القومي للبلاد بمركزها الاقتصادي منع عرقلة ممارسة السلطات ال,
عامة الأعمالهاء تعطيل أحكام الدستور القوانين اللوائج الإضرار بالوحدة الوطنية والسلام الاجتماعي تكون العقوبة السجن المشدد لفصل السايع المسنولية الجنائبة للشخص الاعتباري مادة يعاقب بالحبس مدة لاتقل ثلاثة أشهر وبغرامة تقل ثلاثين ألف جنية ولا تزيد مائة ألف جنية بإحدى هاتين العقوبتين مسنول الإدارة الفعلية لأي شخص اعتباري إذا تعرض الموقع الحساب الخاص البريد الإلكتروني النظام المعلوماتي المخصص للكيان يديره لأي جريمة الجرانم المنصوص عليها القانون ولم يبلغ بذلك مادة الأحوال ترتكب الجرائم المنصوص عليها ال,
قانون باسم ولحساب الشخص الاعتباري يعاقب المسنول الإدارة الفعلية إذا ثبت علمه بالجريمة سهل ارتكابها تحقيقا لمصلحة له لغيره بذات عقوبة الفاعل الأصلي وللمحكمة تقضى بإيقاف ترخيص مزاولة الشخص الاعتبار للنشاط مدة تزيد سنة ولها حاله العود بالغاء الترخيص حل الشخص الاعتباري بحسب الأحوال الشخص الاعتباري تحكم انشر الحكم جريدتين يوميتين واسعتي الانتشار نفقة امادة تطبيق أحكام القانون يترتب تقرير مسنولية الإدارة الفعلية للشخص الاعتباري استبعاد المسنولية الجنانية اللأشخاص الطبيعيين الفاعلين الأصليين الشركاء ذا,
"ت الوقائع تقوم بها الجريمة الفصل الثامن العقوبات التبعية مادة مع عدم الإخلال بحقوق الغير حسن النية, المحكمة حالة الحكم بالإدانة جريمة الجرائم المنصوص عليها القانون تقضى بمصادرة الأدوات والآنات والمعدات والأجهزة مما يجوز حيازتها قانوناء غيرها مما يكون استخدم ارتكاب الجريمة سهل ساهم ارتكابها وف الحالات يتعين لمزاولة النشاط فبها الحصول ترخيص إحدى الجهات الحكومية وكان الشخص الاعتباري المدان بأي جريمة منصوص عليها القانون يحصل الترخيص فيحكم فضلاً العقوبات المقررة بالغلق مادة للمحكمة إذا قضت بالإدانة أ",
"حد الموظفين العموميين لارتكابه جريمة الجرائم المنصوص عليها القانون» أثناء وبسبب تأديته لوظيفته تقضى بعزله مؤقتا وظيفته إلاافي الحالات المشار إليها المادة القانون فيكون العزل وجوبيًا الفصل التمبع الشروع والاعفاء العقوية ملدة يعاقب شرع ارتكاب الجرائم المنصوص عليها بالقانون, يعاقب بما يجاوز نصف الحد الأقصى للعقوبة المقررة مادة يعفي العقوبات المقررة للجراتم المنصوص عليها القانون بادر الج القضائية السلطات العامة بما يعلمه عنها البدء تنفيذ الجريمة وقبل كشفها الشركاء إبلاغ السلطات ويجوز للمحكمة الإعفاء",
 العقوبة التخفيف منها إذا حصل البلاغ كشف الجريمة وقبل التصرف التحقيق إذا مكن الجاني الشريك أثناء التحقيق السلطات المختصة القبض مرتكبي الجريمة الآخرين ضبط الأموال موضوع الجريمة أعان أثناء البحث والتحقيق كشف الحقيقة فيهاء القبض مرتكبي جريمة أخرى ممائله الهذا النوع والخطورة ولا يخل حكم المادة» بوجوب الحكم برد المال المتحصل الجرائم المنصوص عليها بالقانون الصلح والتصائج مادة يجوز للمتهم أية حالة كانت عليها الدعوى الجنائية وقبل صيرورة الحكم بانا إثبات الصلح مع المجني عليه وكيله الخاص خلفه العام أمام ا,
لنيابة العامة المحكمة المختصة بحسب الأحوال وذلك الجنح المنصوص عليها المواد القانون اولااينتج إقرار المجني عنيه بالصلح المنصوص عليه بالفقرة السابقة أثره إلا باعتماده الجهاز بالنسبة للجنح المنصوص عليها بالمواد القانون كما يقبل التصالح إلامن خلال الجهاز بخصوص الجنح المنصوص عليها بالمادتين القانون اول يسقط حق المتهم التصالح برفع الدعوى الجنائية المحكمة المختصة إذا دفع ثلشي الحد الأقصى للغرامة المقررة اللجريمة قيمة الحد الأدنى أيهما أكثرء وذلك صدور حكم نهائي الموضوع وفي جميع الأحوال يجب المتهم يرغب ا,
لتصالح يسدد رفع الدعوى الجنائية مبلفًا يعادل ضعف الحد الأقصى للغرامة المقررة للجريمة ويكون السداد خزانة المحكمة المختصة النيابة العامة بحسب الأحوال ويترتب الصلح انقضاء الدعوى الجنائية ولا أثر للصلح حقوق المضرور الجريمة الدعوى المدنية الياب الرايع مادة ايلتزم مقدمو الخدمة والمخاطبين بأحكام القانون والتزاماته باتخاذ الإجراءات اللازمة لتقنين أوضاعهم خلال سنة تاريخ العمل بهذا القانون مددة يُصدر السيد رئيس مجلس الوزراء اللائحة التنفيذية لهذا القانون خلال ثلاثة أشهر تاريخ العمل به ملدة ينشر القنون الج,
ريدة الرسمية وُعمل به اليوم التالي لتاريخ نشره بيصم القانون بخائم الدولة وينفذ كقانون قوانينها صدر برئاسة الجمهورية ذي الحجة سنة الموافق أغسطس سنة,
